<?xml version="1.0" encoding="utf-8"?>
<SoundBanksInfo Platform="Windows" BasePlatform="Windows" SchemaVersion="12" SoundbankVersion="140">
	<RootPaths>
		<ProjectRoot>C:\A\WwiseProjects\Splanc\</ProjectRoot>
		<SourceFilesRoot>C:\A\WwiseProjects\Splanc\.cache\Windows\</SourceFilesRoot>
		<SoundBanksRoot>C:\A\WwiseProjects\Splanc\GeneratedSoundBanks\Windows\</SoundBanksRoot>
		<ExternalSourcesInputFile></ExternalSourcesInputFile>
		<ExternalSourcesOutputRoot>C:\A\WwiseProjects\Splanc\GeneratedSoundBanks\Windows</ExternalSourcesOutputRoot>
	</RootPaths>
	<DialogueEvents/>
	<StreamedFiles/>
	<MediaFilesNotInAnyBank/>
	<SoundBanks>
		<SoundBank Id="1355168291" Language="SFX" Hash="2511889497">
			<ObjectPath>Init</ObjectPath>
			<ShortName>Init</ShortName>
			<Path>Init.bnk</Path>
			<StateGroups>
				<StateGroup Id="346625062" Name="Under_Over_water" ObjectPath="\States\Default Work Unit\Under_Over_water" GUID="{340CDC31-3448-4BCF-AF7A-7543EB90D882}">
					<States>
						<State Id="748895195" Name="None" ObjectPath="\States\Default Work Unit\Under_Over_water\None" GUID="{F275C4A5-C523-4D53-961B-496AAEB6B18B}"/>
						<State Id="1551306153" Name="UW" ObjectPath="\States\Default Work Unit\Under_Over_water\UW" GUID="{E4C890D6-3175-4BBE-B540-F7AE6607E011}"/>
						<State Id="1651971879" Name="OW" ObjectPath="\States\Default Work Unit\Under_Over_water\OW" GUID="{F00B0C89-19B9-45EB-9AD0-B537C192B8C3}"/>
					</States>
				</StateGroup>
			</StateGroups>
		</SoundBank>
		<SoundBank Id="3697996718" Language="SFX" Hash="3609662177">
			<ObjectPath>\SoundBanks\Default Work Unit\Splanc1SB</ObjectPath>
			<ShortName>Splanc1SB</ShortName>
			<Path>Splanc1SB.bnk</Path>
			<IncludedEvents>
				<Event Id="3533636090" Name="Play_Boat_turn" ObjectPath="\Events\Default Work Unit\Play_Boat_turn">
					<IncludedMemoryFiles>
						<File Id="12877062" Language="SFX">
							<ShortName>boat turn7.wav</ShortName>
							<Path>SFX\boat turn7_10C4C929.wem</Path>
						</File>
						<File Id="119376040" Language="SFX">
							<ShortName>boat turn5.wav</ShortName>
							<Path>SFX\boat turn5_10C4C929.wem</Path>
						</File>
						<File Id="122645653" Language="SFX">
							<ShortName>boat turn2.wav</ShortName>
							<Path>SFX\boat turn2_10C4C929.wem</Path>
						</File>
						<File Id="166763566" Language="SFX">
							<ShortName>boat turn1.wav</ShortName>
							<Path>SFX\boat turn1_10C4C929.wem</Path>
						</File>
						<File Id="367504285" Language="SFX">
							<ShortName>boat turn8.wav</ShortName>
							<Path>SFX\boat turn8_10C4C929.wem</Path>
						</File>
						<File Id="641351414" Language="SFX">
							<ShortName>boat turn3.wav</ShortName>
							<Path>SFX\boat turn3_10C4C929.wem</Path>
						</File>
						<File Id="718149450" Language="SFX">
							<ShortName>boat turn10.wav</ShortName>
							<Path>SFX\boat turn10_10C4C929.wem</Path>
						</File>
						<File Id="742522101" Language="SFX">
							<ShortName>boat turn6.wav</ShortName>
							<Path>SFX\boat turn6_10C4C929.wem</Path>
						</File>
						<File Id="968947243" Language="SFX">
							<ShortName>boat turn9.wav</ShortName>
							<Path>SFX\boat turn9_10C4C929.wem</Path>
						</File>
						<File Id="1038871629" Language="SFX">
							<ShortName>boat turn4.wav</ShortName>
							<Path>SFX\boat turn4_10C4C929.wem</Path>
						</File>
					</IncludedMemoryFiles>
				</Event>
				<Event Id="4052751783" Name="Play_Fish_jump" ObjectPath="\Events\Default Work Unit\Play_Fish_jump">
					<IncludedMemoryFiles>
						<File Id="16400555" Language="SFX">
							<ShortName>out4.wav</ShortName>
							<Path>SFX\out4_10C4C929.wem</Path>
						</File>
						<File Id="31578982" Language="SFX">
							<ShortName>out7.wav</ShortName>
							<Path>SFX\out7_10C4C929.wem</Path>
						</File>
						<File Id="41296059" Language="SFX">
							<ShortName>in5.wav</ShortName>
							<Path>SFX\in5_10C4C929.wem</Path>
						</File>
						<File Id="79053565" Language="SFX">
							<ShortName>in4.wav</ShortName>
							<Path>SFX\in4_10C4C929.wem</Path>
						</File>
						<File Id="283188734" Language="SFX">
							<ShortName>out3.wav</ShortName>
							<Path>SFX\out3_10C4C929.wem</Path>
						</File>
						<File Id="402635636" Language="SFX">
							<ShortName>out5.wav</ShortName>
							<Path>SFX\out5_10C4C929.wem</Path>
						</File>
						<File Id="471112534" Language="SFX">
							<ShortName>out1.wav</ShortName>
							<Path>SFX\out1_10C4C929.wem</Path>
						</File>
						<File Id="500450028" Language="SFX">
							<ShortName>out6.wav</ShortName>
							<Path>SFX\out6_10C4C929.wem</Path>
						</File>
						<File Id="549296049" Language="SFX">
							<ShortName>in1.wav</ShortName>
							<Path>SFX\in1_10C4C929.wem</Path>
						</File>
						<File Id="615892342" Language="SFX">
							<ShortName>in2.wav</ShortName>
							<Path>SFX\in2_10C4C929.wem</Path>
						</File>
						<File Id="631500226" Language="SFX">
							<ShortName>out2.wav</ShortName>
							<Path>SFX\out2_10C4C929.wem</Path>
						</File>
						<File Id="746375340" Language="SFX">
							<ShortName>in3.wav</ShortName>
							<Path>SFX\in3_10C4C929.wem</Path>
						</File>
						<File Id="932875855" Language="SFX">
							<ShortName>in6.wav</ShortName>
							<Path>SFX\in6_10C4C929.wem</Path>
						</File>
					</IncludedMemoryFiles>
				</Event>
				<Event Id="932184717" Name="Play_Flower_atmo" ObjectPath="\Events\Default Work Unit\Play_Flower_atmo">
					<IncludedMemoryFiles>
						<File Id="740738083" Language="SFX">
							<ShortName>flowera atmo.wav</ShortName>
							<Path>SFX\flowera atmo_A52F6C07.wem</Path>
						</File>
					</IncludedMemoryFiles>
				</Event>
				<Event Id="1469569381" Name="Play_Flower_hit" ObjectPath="\Events\Default Work Unit\Play_Flower_hit">
					<IncludedMemoryFiles>
						<File Id="75216545" Language="SFX">
							<ShortName>flowerG#2.wav</ShortName>
							<Path>SFX\flowerG#2_10C4C929.wem</Path>
						</File>
						<File Id="108003828" Language="SFX">
							<ShortName>flowerC#2.wav</ShortName>
							<Path>SFX\flowerC#2_10C4C929.wem</Path>
						</File>
						<File Id="164978351" Language="SFX">
							<ShortName>flowerE2.wav</ShortName>
							<Path>SFX\flowerE2_10C4C929.wem</Path>
						</File>
						<File Id="249369235" Language="SFX">
							<ShortName>flowerD2.wav</ShortName>
							<Path>SFX\flowerD2_10C4C929.wem</Path>
						</File>
						<File Id="421885144" Language="SFX">
							<ShortName>flowerF#2.wav</ShortName>
							<Path>SFX\flowerF#2_10C4C929.wem</Path>
						</File>
						<File Id="514878345" Language="SFX">
							<ShortName>flowerA2.wav</ShortName>
							<Path>SFX\flowerA2_10C4C929.wem</Path>
						</File>
						<File Id="945301664" Language="SFX">
							<ShortName>flowerB2.wav</ShortName>
							<Path>SFX\flowerB2_10C4C929.wem</Path>
						</File>
					</IncludedMemoryFiles>
				</Event>
				<Event Id="2838936948" Name="Play_Rain" ObjectPath="\Events\Default Work Unit\Play_Rain">
					<IncludedMemoryFiles>
						<File Id="54518449" Language="SFX">
							<ShortName>rainINT1.wav</ShortName>
							<Path>SFX\rainINT1_25075684.wem</Path>
						</File>
						<File Id="56306691" Language="SFX">
							<ShortName>waterdrop4.wav</ShortName>
							<Path>SFX\waterdrop4_10C4C929.wem</Path>
						</File>
						<File Id="140651844" Language="SFX">
							<ShortName>rain+thunder loop.wav</ShortName>
							<Path>SFX\rain+thunder loop_0B9C6877.wem</Path>
						</File>
						<File Id="143588900" Language="SFX">
							<ShortName>waterdrop3.wav</ShortName>
							<Path>SFX\waterdrop3_10C4C929.wem</Path>
						</File>
						<File Id="164139848" Language="SFX">
							<ShortName>waterdrop2.wav</ShortName>
							<Path>SFX\waterdrop2_10C4C929.wem</Path>
						</File>
						<File Id="212974724" Language="SFX">
							<ShortName>waterdrop1.wav</ShortName>
							<Path>SFX\waterdrop1_10C4C929.wem</Path>
						</File>
						<File Id="340027341" Language="SFX">
							<ShortName>rain1.wav</ShortName>
							<Path>SFX\rain1_F7699424.wem</Path>
						</File>
						<File Id="634555773" Language="SFX">
							<ShortName>waterdrop7.wav</ShortName>
							<Path>SFX\waterdrop7_10C4C929.wem</Path>
						</File>
						<File Id="884316000" Language="SFX">
							<ShortName>water reflect.wav</ShortName>
							<Path>SFX\water reflect_BCE03DB8.wem</Path>
						</File>
						<File Id="900181378" Language="SFX">
							<ShortName>waterdrop6.wav</ShortName>
							<Path>SFX\waterdrop6_10C4C929.wem</Path>
						</File>
						<File Id="935091214" Language="SFX">
							<ShortName>waterdrop8.wav</ShortName>
							<Path>SFX\waterdrop8_10C4C929.wem</Path>
						</File>
						<File Id="1071979728" Language="SFX">
							<ShortName>waterdrop5.wav</ShortName>
							<Path>SFX\waterdrop5_10C4C929.wem</Path>
						</File>
					</IncludedMemoryFiles>
				</Event>
				<Event Id="3870462868" Name="Play_Thunder" ObjectPath="\Events\Default Work Unit\Play_Thunder">
					<IncludedMemoryFiles>
						<File Id="151066646" Language="SFX">
							<ShortName>Thunder7.wav</ShortName>
							<Path>SFX\Thunder7_10C4C929.wem</Path>
						</File>
						<File Id="608042586" Language="SFX">
							<ShortName>Thunder5.wav</ShortName>
							<Path>SFX\Thunder5_10C4C929.wem</Path>
						</File>
						<File Id="742488636" Language="SFX">
							<ShortName>Thunder2.wav</ShortName>
							<Path>SFX\Thunder2_10C4C929.wem</Path>
						</File>
						<File Id="742777344" Language="SFX">
							<ShortName>Thunder8.wav</ShortName>
							<Path>SFX\Thunder8_10C4C929.wem</Path>
						</File>
						<File Id="743737014" Language="SFX">
							<ShortName>Thunder9L.wav</ShortName>
							<Path>SFX\Thunder9L_10C4C929.wem</Path>
						</File>
						<File Id="839762824" Language="SFX">
							<ShortName>Thunder4.wav</ShortName>
							<Path>SFX\Thunder4_10C4C929.wem</Path>
						</File>
						<File Id="840898421" Language="SFX">
							<ShortName>Thunder8L.wav</ShortName>
							<Path>SFX\Thunder8L_10C4C929.wem</Path>
						</File>
						<File Id="913999447" Language="SFX">
							<ShortName>Thunder6.wav</ShortName>
							<Path>SFX\Thunder6_10C4C929.wem</Path>
						</File>
						<File Id="940210842" Language="SFX">
							<ShortName>Thunder3L.wav</ShortName>
							<Path>SFX\Thunder3L_10C4C929.wem</Path>
						</File>
						<File Id="994702268" Language="SFX">
							<ShortName>Thunder1L.wav</ShortName>
							<Path>SFX\Thunder1L_10C4C929.wem</Path>
						</File>
					</IncludedMemoryFiles>
				</Event>
				<Event Id="2466208020" Name="Play_Thunder_atmo" ObjectPath="\Events\Default Work Unit\Play_Thunder_atmo">
					<IncludedMemoryFiles>
						<File Id="268600367" Language="SFX">
							<ShortName>Thunderatmo5.wav</ShortName>
							<Path>SFX\Thunderatmo5_10C4C929.wem</Path>
						</File>
						<File Id="365711869" Language="SFX">
							<ShortName>Thunderatmo2.wav</ShortName>
							<Path>SFX\Thunderatmo2_10C4C929.wem</Path>
						</File>
						<File Id="533483547" Language="SFX">
							<ShortName>Thunderatmo3.wav</ShortName>
							<Path>SFX\Thunderatmo3_10C4C929.wem</Path>
						</File>
						<File Id="935042933" Language="SFX">
							<ShortName>Thunderatmo6.wav</ShortName>
							<Path>SFX\Thunderatmo6_10C4C929.wem</Path>
						</File>
						<File Id="943201214" Language="SFX">
							<ShortName>Thunderatmo1.wav</ShortName>
							<Path>SFX\Thunderatmo1_10C4C929.wem</Path>
						</File>
						<File Id="1065543055" Language="SFX">
							<ShortName>Thunderatmo4.wav</ShortName>
							<Path>SFX\Thunderatmo4_10C4C929.wem</Path>
						</File>
					</IncludedMemoryFiles>
				</Event>
				<Event Id="178186882" Name="Play_Water_Flow" ObjectPath="\Events\Default Work Unit\Play_Water_Flow">
					<IncludedMemoryFiles>
						<File Id="36113055" Language="SFX">
							<ShortName>Waterflow2(river).wav</ShortName>
							<Path>SFX\Waterflow2(river)_AD1475E4.wem</Path>
						</File>
						<File Id="522379224" Language="SFX">
							<ShortName>Waterflow3(river).wav</ShortName>
							<Path>SFX\Waterflow3(river)_3693A6E5.wem</Path>
						</File>
						<File Id="527322152" Language="SFX">
							<ShortName>wavescalm.wav</ShortName>
							<Path>SFX\wavescalm_0EF987C8.wem</Path>
						</File>
						<File Id="616798720" Language="SFX">
							<ShortName>-1.wav</ShortName>
							<Path>SFX\-1_21C668C0.wem</Path>
						</File>
						<File Id="878682504" Language="SFX">
							<ShortName>Waterflow3-2(river).wav</ShortName>
							<Path>SFX\Waterflow3-2(river)_B4C01BFA.wem</Path>
						</File>
						<File Id="991442886" Language="SFX">
							<ShortName>Waterflow4(river).wav</ShortName>
							<Path>SFX\Waterflow4(river)_A61EEEB9.wem</Path>
						</File>
					</IncludedMemoryFiles>
				</Event>
				<Event Id="4066196516" Name="Play_Water_stones" ObjectPath="\Events\Default Work Unit\Play_Water_stones">
					<IncludedMemoryFiles>
						<File Id="69067968" Language="SFX">
							<ShortName>Waterflow8(stones turbulebt).wav</ShortName>
							<Path>SFX\Waterflow8(stones turbulebt)_2693483D.wem</Path>
						</File>
						<File Id="765610276" Language="SFX">
							<ShortName>Waterflow7(stones).wav</ShortName>
							<Path>SFX\Waterflow7(stones)_D88D4513.wem</Path>
						</File>
					</IncludedMemoryFiles>
				</Event>
				<Event Id="467174588" Name="Play_Waterfall" ObjectPath="\Events\Default Work Unit\Play_Waterfall">
					<IncludedMemoryFiles>
						<File Id="384406837" Language="SFX">
							<ShortName>Waterflow6(waterfall).wav</ShortName>
							<Path>SFX\Waterflow6(waterfall)_6E1F6A1A.wem</Path>
						</File>
						<File Id="714817005" Language="SFX">
							<ShortName>Waterflow5(waterfall).wav</ShortName>
							<Path>SFX\Waterflow5(waterfall)_FA19BDB7.wem</Path>
						</File>
						<File Id="735730930" Language="SFX">
							<ShortName>Waterflow8(stones turbulebt).wav</ShortName>
							<Path>SFX\Waterflow8(stones turbulebt)_B19709CE.wem</Path>
						</File>
					</IncludedMemoryFiles>
				</Event>
				<Event Id="1020223172" Name="Play_Wind" ObjectPath="\Events\Default Work Unit\Play_Wind">
					<IncludedMemoryFiles>
						<File Id="582975794" Language="SFX">
							<ShortName>WindD.wav</ShortName>
							<Path>SFX\WindD_53B85642.wem</Path>
						</File>
					</IncludedMemoryFiles>
				</Event>
			</IncludedEvents>
			<GameParameters>
				<GameParameter Id="1891532784" Name="Wind_level" ObjectPath="\Game Parameters\Default Work Unit\Wind_level"/>
				<GameParameter Id="2520241501" Name="Rain_Intensity" ObjectPath="\Game Parameters\Default Work Unit\Rain_Intensity"/>
				<GameParameter Id="2891561476" Name="Thunder_atmo_level" ObjectPath="\Game Parameters\Default Work Unit\Thunder_atmo_level"/>
				<GameParameter Id="3282778692" Name="WaterFlow_Intencity" ObjectPath="\Game Parameters\Default Work Unit\WaterFlow_Intencity"/>
			</GameParameters>
		</SoundBank>
	</SoundBanks>
</SoundBanksInfo>
